Name,Value
Camp/First Aid,Camp/First Aid
Camp/Food Preparation/Cookware,Camp/Food Preparation/Cookware
Camp/Food Preparation/Coolers,Camp/Food Preparation/Coolers
Camp/Food Preparation/Food,Camp/Food Preparation/Food
Camp/Food Preparation/Stoves & Accessories,Camp/Food Preparation/Stoves & Accessories
Camp/Food Preparation/Tableware,Camp/Food Preparation/Tableware
Camp/Furniture/Chairs,Camp/Furniture/Chairs
Camp/Furniture/Hammocks,Camp/Furniture/Hammocks
Camp/Furniture/Tables,Camp/Furniture/Tables
Camp/Lighting/Flashlights,Camp/Lighting/Flashlights
Camp/Lighting/Headlamps,Camp/Lighting/Headlamps
Camp/Lighting/Lanterns,Camp/Lighting/Lanterns
Camp/Other,Camp/Other
Camp/Other/Compasses,Camp/Other/Compasses
Camp/Other/Hygiene,Camp/Other/Hygiene
Camp/Other/Survival,Camp/Other/Survival
Camp/Tools/Axes & Hatchets,Camp/Tools/Axes & Hatchets
Camp/Tools/Knives & Machetes,Camp/Tools/Knives & Machetes
Camp/Tools/Rope,Camp/Tools/Rope
Camp/Tools/Saws & Shovels,Camp/Tools/Saws & Shovels
Camp/Water Tripping,Camp/Water Tripping
Camp/Water/Bladders,Camp/Water/Bladders
Camp/Water/Bottles,Camp/Water/Bottles
Camp/Water/Filters,Camp/Water/Filters
Camp/Water/Flavouring,Camp/Water/Flavouring
Camp/Water/Purification Tablets,Camp/Water/Purification Tablets
Footwear/Gaiters,Footwear/Gaiters
Footwear/Hiking and Casual/Men's,Footwear/Hiking and Casual/Men's
Footwear/Hiking and Casual/Women's,Footwear/Hiking and Casual/Women's
Footwear/Hiking Poles,Footwear/Hiking Poles
Footwear/Insoles,Footwear/Insoles
Footwear/Insulated/Men's,Footwear/Insulated/Men's
Footwear/Insulated/Women's,Footwear/Insulated/Women's
Footwear/Sandals,Footwear/Sandals
Footwear/Sandals/Men's,Footwear/Sandals/Men's
Footwear/Sandals/Women's,Footwear/Sandals/Women's
Footwear/Slippers/Men's,Footwear/Slippers/Men's
Footwear/Slippers/Women's,Footwear/Slippers/Women's
Footwear/Snowshoes,Footwear/Snowshoes
Men/Accessories,Men/Accessories
Men/Accessories/Handwear,Men/Accessories/Handwear
Men/Accessories/Summer Headwear,Men/Accessories/Summer Headwear
Men/Accessories/Sunglasses,Men/Accessories/Sunglasses
Men/Accessories/Winter Headwear,Men/Accessories/Winter Headwear
Men/Clothing/Bottoms,Men/Clothing/Bottoms
Men/Clothing/Socks,Men/Clothing/Socks
Men/Clothing/Softshell Jackets,Men/Clothing/Softshell Jackets
Men/Clothing/Tops,Men/Clothing/Tops
Men/Clothing/Underwear and Baselayers,Men/Clothing/Underwear and Baselayers
Men/Insulated Jackets,Men/Insulated Jackets
Men/Rain Gear,Men/Rain Gear
Men/Snowpants,Men/Snowpants
Men/Swimwear,Men/Swimwear
Men/Vests and Sweaters,Men/Vests and Sweaters
Packs/0-30L,Packs/0-30L
Packs/31-60L,Packs/31-60L
Packs/61+L,Packs/61+L
Packs/Accessories,Packs/Accessories
Packs/Maxpedition,Packs/Maxpedition
Packs/Pack Accessories,Packs/Pack Accessories
Packs/Travel,Packs/Travel
Packs/Travel/Daypacks,Packs/Travel/Daypacks
Packs/Travel/Duffels,Packs/Travel/Duffels
Packs/Travel/Suitcases,Packs/Travel/Suitcases
Packs/Women's Specific,Packs/Women's Specific
Packs/Youth,Packs/Youth
Paddling/Canoeing,Paddling/Canoeing
Paddling/Waterproof Accessories,Paddling/Waterproof Accessories
Paddling/Waterproof Bags,Paddling/Waterproof Bags
Run/Men,Run/Men
Run/Women,Run/Women
Sale,Sale
Shelter/2-3 Person Tents,Shelter/2-3 Person Tents
Shelter/3-4 Person Tents,Shelter/3-4 Person Tents
Shelter/4-5 Person Tents,Shelter/4-5 Person Tents
Shelter/6+ Person Tents,Shelter/6+ Person Tents
Shelter/Bivvy Bags,Shelter/Bivvy Bags
Shelter/Screenhouses,Shelter/Screenhouses
Shelter/Solo Tents,Shelter/Solo Tents
Shelter/Tarps,Shelter/Tarps
Sleep/Hammocks,Sleep/Hammocks
Sleep/Liners,Sleep/Liners
Sleep/Mattresses,Sleep/Mattresses
Sleep/Mattresses/Air,Sleep/Mattresses/Air
Sleep/Mattresses/Cots,Sleep/Mattresses/Cots
Sleep/Mattresses/Double-Wide,Sleep/Mattresses/Double-Wide
Sleep/Mattresses/Insulated,Sleep/Mattresses/Insulated
Sleep/Mattresses/Self-Inflating,Sleep/Mattresses/Self-Inflating
Sleep/Pillows & Accessories,Sleep/Pillows & Accessories
Sleep/Sleeping Bags,Sleep/Sleeping Bags
Sleep/Sleeping Bags/1øC and Above,Sleep/Sleeping Bags/1øC and Above
Sleep/Sleeping Bags/-19 to -10øC,Sleep/Sleeping Bags/-19 to -10øC
Sleep/Sleeping Bags/-29 to -20øC,Sleep/Sleeping Bags/-29 to -20øC
Sleep/Sleeping Bags/-30øC and Below,Sleep/Sleeping Bags/-30øC and Below
Sleep/Sleeping Bags/-9 to 0øC,Sleep/Sleeping Bags/-9 to 0øC
Sleep/Sleeping Bags/Youth,Sleep/Sleeping Bags/Youth
SORTME,
Travel/Accessories,Travel/Accessories
Travel/Carry-On Packs (0-40L),Travel/Carry-On Packs (0-40L)
Travel/Non Carry-On Packs (+40L),Travel/Non Carry-On Packs (+40L)
Travel/Security,Travel/Security
Women/Accessories/Bags,Women/Accessories/Bags
Women/Accessories/Handwear,Women/Accessories/Handwear
Women/Accessories/Summer Headwear,Women/Accessories/Summer Headwear
Women/Accessories/Winter Accessories,Women/Accessories/Winter Accessories
Women/Accessories/Winter Headwear,Women/Accessories/Winter Headwear
Women/Clothing/Bottoms,Women/Clothing/Bottoms
Women/Clothing/Dresses,Women/Clothing/Dresses
Women/Clothing/Socks,Women/Clothing/Socks
Women/Clothing/Softshell Jackets,Women/Clothing/Softshell Jackets
Women/Clothing/Tops,Women/Clothing/Tops
Women/Clothing/Underwear and Baselayers,Women/Clothing/Underwear and Baselayers
Women/Insulated Jackets,Women/Insulated Jackets
Women/Rain Gear,Women/Rain Gear
Women/Vests and Sweaters,Women/Vests and Sweaters
Youth,Youth
Youth/Bottoms,Youth/Bottoms
Youth/Footwear,Youth/Footwear
Youth/Insulated Outerwear,Youth/Insulated Outerwear
Youth/Rain Gear,Youth/Rain Gear
Youth/Socks,Youth/Socks
Youth/Sun Protection,Youth/Sun Protection
Youth/Tops,Youth/Tops
Youth/Winter Accessories/Handwear,Youth/Winter Accessories/Handwear
Youth/Winter Accessories/Headwear,Youth/Winter Accessories/Headwear
